{
  "filename": "1597378206739_jpg.rf.69feaca3d8f9037e95b26cb45fa0732e.jpg",
  "detections": [
    {
      "label": "gloved_hand",
      "confidence": 0.8005151152610779,
      "bbox": [
        316,
        280,
        638,
        638
      ]
    },
    {
      "label": "gloved_hand",
      "confidence": 0.5817437767982483,
      "bbox": [
        45,
        107,
        616,
        454
      ]
    },
    {
      "label": "gloved_hand",
      "confidence": 0.3812229335308075,
      "bbox": [
        17,
        105,
        631,
        579
      ]
    }
  ]
}