{
  "filename": "gloves-169_jpg.rf.8a2b71b555c488959d9b7eeefa43d95f.jpg",
  "detections": [
    {
      "label": "gloved_hand",
      "confidence": 0.7744446396827698,
      "bbox": [
        12,
        35,
        185,
        551
      ]
    },
    {
      "label": "gloved_hand",
      "confidence": 0.7630664110183716,
      "bbox": [
        356,
        18,
        637,
        565
      ]
    },
    {
      "label": "gloved_hand",
      "confidence": 0.6965652108192444,
      "bbox": [
        180,
        41,
        326,
        537
      ]
    },
    {
      "label": "gloved_hand",
      "confidence": 0.47859084606170654,
      "bbox": [
        320,
        25,
        481,
        549
      ]
    }
  ]
}