{
  "filename": "gloves-35_jpg.rf.5fd806e2db1892f55cd1e44760944459.jpg",
  "detections": [
    {
      "label": "gloved_hand",
      "confidence": 0.9389057159423828,
      "bbox": [
        57,
        27,
        233,
        250
      ]
    },
    {
      "label": "gloved_hand",
      "confidence": 0.9216387867927551,
      "bbox": [
        35,
        321,
        308,
        609
      ]
    },
    {
      "label": "gloved_hand",
      "confidence": 0.8955821394920349,
      "bbox": [
        460,
        18,
        640,
        202
      ]
    },
    {
      "label": "gloved_hand",
      "confidence": 0.8888958692550659,
      "bbox": [
        472,
        388,
        639,
        544
      ]
    }
  ]
}